,이름,나이,목적,도시,행기
0,伊藤 舞,56,힐링,가고시마,['아시아나']
1,John Gordon,68,힐링,벳푸,['티웨이']
2,이예준,21,맛집탐방,나가사키,['제주항공']
3,山崎 明美,70,야구관광,벳푸,['대한항공']
4,한영진,34,힐링,후쿠오카,['대한항공']
5,Jennifer Mcdonald,19,힐링,가고시마,['대한항공']
6,加藤 晃,42,야구관광,벳푸,['진에어']
7,山口 康弘,34,야구관광,오이타,['제주항공']
8,山田 直子,41,힐링,가고시마,['에어서울']
9,David Shaffer,52,온천여행,가고시마,['아시아나']
10,권서연,46,힐링,가고시마,['진에어']
11,황지은,50,온천여행,벳푸,['에어서울']
12,Christopher Cummings,66,온천여행,후쿠오카,['아시아나']
13,中島 稔,30,맛집탐방,벳푸,['진에어']
14,Adam Williams,59,야구관광,오이타,['에어서울']
15,加藤 知実,13,힐링,나가사키,['진에어']
16,이예원,27,맥주투어,오이타,['제주항공']
17,이순옥,24,온천여행,벳푸,['티웨이']
18,Valerie Valdez,70,맛집탐방,후쿠오카,['대한항공']
19,小林 さゆり,51,힐링,가고시마,['아시아나']
20,Nicole Smith,52,맥주투어,오이타,['에어서울']
21,Brandy Gomez,26,맥주투어,나가사키,['대한항공']
22,加藤 幹,59,온천여행,벳푸,['진에어']
23,Daniel Gray,37,야구관광,후쿠오카,['아시아나']
24,Hailey Riley,19,맛집탐방,가고시마,['에어서울']
25,Danielle Odonnell,16,맥주투어,후쿠오카,['에어서울']
26,高橋 くみ子,40,맥주투어,후쿠오카,['제주항공']
27,石川 洋介,68,힐링,벳푸,['대한항공']
28,鈴木 桃子,22,맥주투어,가고시마,['티웨이']
29,Bradley Norman,35,야구관광,가고시마,['에어서울']
30,문현우,22,맛집탐방,벳푸,['에어서울']
31,김병철,63,야구관광,오이타,['제주항공']
32,小林 香織,49,온천여행,가고시마,['티웨이']
33,이준서,31,맛집탐방,벳푸,['아시아나']
34,Cheryl Love,18,맛집탐방,후쿠오카,['에어서울']
35,鈴木 太一,54,온천여행,가고시마,['제주항공']
36,山本 幹,15,맥주투어,가고시마,['티웨이']
37,고현주,48,맛집탐방,벳푸,['티웨이']
38,윤보람,12,야구관광,나가사키,['에어서울']
39,Kaitlin Mcdowell,49,맛집탐방,가고시마,['대한항공']
40,岡田 七夏,35,맥주투어,나가사키,['제주항공']
41,Jacob Fitzgerald,28,맛집탐방,후쿠오카,['진에어']
42,Elizabeth Francis,37,힐링,가고시마,['에어서울']
43,佐藤 和也,52,힐링,가고시마,['에어서울']
44,나서윤,35,온천여행,벳푸,['진에어']
45,이서영,45,힐링,후쿠오카,['제주항공']
46,Thomas Taylor,25,온천여행,오이타,['제주항공']
47,斉藤 陽子,69,힐링,후쿠오카,['티웨이']
48,서현숙,71,힐링,후쿠오카,['티웨이']
49,高橋 篤司,40,야구관광,가고시마,['에어서울']
50,지예은,40,힐링,가고시마,['대한항공']
51,後藤 直樹,31,야구관광,가고시마,['대한항공']
52,Pamela Ball,33,맛집탐방,가고시마,['대한항공']
53,김명자,61,맥주투어,벳푸,['에어서울']
54,심명자,68,맥주투어,후쿠오카,['제주항공']
55,田中 康弘,24,맛집탐방,벳푸,['티웨이']
56,황지원,36,온천여행,오이타,['에어서울']
57,松田 陽子,63,맛집탐방,가고시마,['대한항공']
58,오종수,64,맥주투어,벳푸,['티웨이']
59,伊藤 浩,54,맛집탐방,벳푸,['진에어']
60,鈴木 知実,69,맥주투어,나가사키,['에어서울']
61,Joseph Reynolds,49,온천여행,벳푸,['진에어']
62,Andrew Collins,57,온천여행,오이타,['티웨이']
63,김옥자,51,맛집탐방,후쿠오카,['진에어']
64,김하은,59,맛집탐방,후쿠오카,['티웨이']
65,Joann Ortiz MD,53,힐링,후쿠오카,['아시아나']
66,田中 裕樹,41,야구관광,가고시마,['티웨이']
67,松本 七夏,33,온천여행,나가사키,['티웨이']
68,Andrea Ramos,27,맥주투어,벳푸,['에어서울']
69,Joseph Miller,13,온천여행,후쿠오카,['진에어']
70,이현우,58,맛집탐방,나가사키,['티웨이']
71,서순옥,58,맥주투어,오이타,['아시아나']
72,佐藤 浩,26,야구관광,가고시마,['에어서울']
73,鈴木 涼平,57,힐링,후쿠오카,['대한항공']
74,中川 結衣,42,맛집탐방,가고시마,['티웨이']
75,Jamie Wright DVM,30,온천여행,나가사키,['제주항공']
76,Scott Bishop,30,힐링,벳푸,['아시아나']
77,吉田 亮介,41,맛집탐방,후쿠오카,['티웨이']
78,高橋 さゆり,37,맛집탐방,가고시마,['대한항공']
79,吉田 明美,65,온천여행,오이타,['에어서울']
80,김수진,49,온천여행,벳푸,['대한항공']
81,Bryan Morgan,13,힐링,오이타,['제주항공']
82,김지현,35,맛집탐방,후쿠오카,['제주항공']
83,阿部 明美,47,힐링,나가사키,['대한항공']
84,Rodney Wilkerson,16,맥주투어,가고시마,['티웨이']
85,임도현,71,힐링,오이타,['티웨이']
86,高橋 くみ子,24,힐링,가고시마,['제주항공']
87,鈴木 陽一,27,온천여행,후쿠오카,['진에어']
88,장준서,23,힐링,가고시마,['티웨이']
89,高橋 千代,64,맥주투어,오이타,['티웨이']
90,Rodney Schneider,37,맥주투어,벳푸,['진에어']
91,Jimmy Brown,43,맛집탐방,후쿠오카,['에어서울']
92,佐藤 舞,44,야구관광,가고시마,['티웨이']
93,渡辺 浩,62,힐링,오이타,['제주항공']
94,David Graham,63,맥주투어,오이타,['제주항공']
95,오동현,33,맛집탐방,가고시마,['아시아나']
96,西村 零,44,맥주투어,나가사키,['티웨이']
97,佐藤 花子,20,야구관광,벳푸,['아시아나']
98,中村 直子,43,힐링,벳푸,['티웨이']
99,윤예은,27,맥주투어,후쿠오카,['에어서울']
100,小林 里佳,57,맥주투어,나가사키,['대한항공']
101,後藤 香織,19,맥주투어,오이타,['제주항공']
102,김은지,36,맥주투어,나가사키,['티웨이']
103,吉田 浩,49,온천여행,오이타,['제주항공']
104,木村 翼,39,맛집탐방,가고시마,['에어서울']
105,Jennifer Ponce,12,야구관광,가고시마,['티웨이']
106,Stephen Harris,67,맥주투어,후쿠오카,['제주항공']
107,이정웅,22,힐링,오이타,['진에어']
108,Eric King,40,맛집탐방,벳푸,['제주항공']
109,山田 香織,62,온천여행,오이타,['에어서울']
110,박동현,48,맥주투어,후쿠오카,['대한항공']
111,김정남,50,온천여행,가고시마,['티웨이']
112,윤진우,60,힐링,가고시마,['에어서울']
113,Brittany Villarreal,69,힐링,가고시마,['진에어']
114,John Matthews,23,맛집탐방,후쿠오카,['진에어']
115,이미정,55,힐링,가고시마,['티웨이']
116,윤보람,53,야구관광,후쿠오카,['진에어']
117,藤田 聡太郎,65,온천여행,후쿠오카,['진에어']
118,Thomas Griffith,62,힐링,나가사키,['에어서울']
119,김유진,23,야구관광,오이타,['진에어']
120,三浦 明美,60,맥주투어,가고시마,['진에어']
121,류영호,27,맥주투어,오이타,['티웨이']
122,Jason Freeman,10,힐링,벳푸,['티웨이']
123,김성수,31,힐링,가고시마,['대한항공']
124,小林 明美,68,힐링,벳푸,['아시아나']
125,井上 くみ子,64,맛집탐방,가고시마,['에어서울']
126,Tiffany Miller,44,맛집탐방,나가사키,['진에어']
127,Omar Gonzalez MD,58,맥주투어,후쿠오카,['제주항공']
128,고은경,67,맥주투어,벳푸,['에어서울']
129,Renee Newton,33,맛집탐방,가고시마,['제주항공']
130,손성민,64,힐링,오이타,['진에어']
131,Robert Bowman,58,맥주투어,나가사키,['아시아나']
132,Donna Gutierrez,63,힐링,벳푸,['티웨이']
133,David Jones,51,야구관광,후쿠오카,['대한항공']
134,안경자,65,맥주투어,후쿠오카,['제주항공']
135,斎藤 篤司,34,맥주투어,벳푸,['아시아나']
136,加藤 香織,68,온천여행,오이타,['아시아나']
137,佐藤 幹,30,힐링,오이타,['제주항공']
138,Deborah Miller,40,야구관광,나가사키,['에어서울']
139,김서영,20,맛집탐방,가고시마,['대한항공']
140,김유진,40,온천여행,나가사키,['아시아나']
141,Jennifer Ramos,26,온천여행,벳푸,['진에어']
142,김경수,46,맛집탐방,오이타,['아시아나']
143,홍재현,49,맛집탐방,가고시마,['진에어']
144,박옥자,58,맥주투어,가고시마,['아시아나']
145,Brian Rodriguez,34,힐링,가고시마,['에어서울']
146,坂本 和也,58,야구관광,나가사키,['에어서울']
147,石川 治,36,야구관광,가고시마,['진에어']
148,鈴木 修平,56,맥주투어,오이타,['제주항공']
149,山本 結衣,29,야구관광,가고시마,['진에어']
150,Stacey Clay,14,힐링,오이타,['제주항공']
151,高橋 裕樹,59,온천여행,나가사키,['아시아나']
152,Jennifer Santiago,35,맛집탐방,나가사키,['제주항공']
153,Alice Peterson,60,온천여행,후쿠오카,['제주항공']
154,Brittany George,44,맛집탐방,가고시마,['티웨이']
155,Julie King,71,맛집탐방,가고시마,['아시아나']
156,김현주,27,힐링,벳푸,['진에어']
157,吉田 舞,44,힐링,오이타,['대한항공']
158,이성수,51,맥주투어,나가사키,['에어서울']
159,류지훈,22,온천여행,가고시마,['진에어']
160,佐藤 加奈,57,힐링,가고시마,['에어서울']
161,이은경,13,온천여행,후쿠오카,['진에어']
162,이지영,64,온천여행,가고시마,['제주항공']
163,Dominique Vaughn,47,맥주투어,벳푸,['진에어']
164,Christopher Serrano,67,힐링,후쿠오카,['대한항공']
165,山口 さゆり,51,맥주투어,나가사키,['제주항공']
166,小林 学,49,온천여행,나가사키,['에어서울']
167,渡辺 花子,66,맥주투어,나가사키,['진에어']
168,Ellen Valentine MD,22,맥주투어,오이타,['에어서울']
169,조정남,60,힐링,나가사키,['대한항공']
170,Stephanie Mann,24,야구관광,가고시마,['에어서울']
171,박지아,54,힐링,후쿠오카,['진에어']
172,조도윤,70,온천여행,벳푸,['에어서울']
173,김하윤,44,맥주투어,나가사키,['대한항공']
174,James Nelson,59,힐링,오이타,['티웨이']
175,藤井 涼平,14,맛집탐방,나가사키,['대한항공']
176,이명자,52,온천여행,오이타,['티웨이']
177,Andrea Horton,43,온천여행,오이타,['제주항공']
178,斉藤 学,25,맛집탐방,후쿠오카,['제주항공']
179,高橋 花子,36,맥주투어,나가사키,['진에어']
180,James Rogers,50,맛집탐방,오이타,['제주항공']
181,田中 修平,31,힐링,나가사키,['티웨이']
182,윤진호,48,야구관광,후쿠오카,['진에어']
183,곽예은,64,힐링,가고시마,['티웨이']
184,박예진,36,야구관광,후쿠오카,['아시아나']
185,木村 晃,52,힐링,벳푸,['티웨이']
186,정예지,46,온천여행,후쿠오카,['진에어']
187,Gary Boyd,55,맛집탐방,벳푸,['진에어']
188,Dana Sanders,37,온천여행,나가사키,['에어서울']
189,Clarence Osborne,41,야구관광,가고시마,['진에어']
190,Jimmy Santiago,30,야구관광,나가사키,['진에어']
191,山口 くみ子,26,맛집탐방,후쿠오카,['에어서울']
192,박재호,41,온천여행,가고시마,['진에어']
193,佐藤 京助,50,맥주투어,가고시마,['티웨이']
194,Tiffany Leonard,50,맛집탐방,나가사키,['에어서울']
195,石井 修平,25,맥주투어,오이타,['티웨이']
196,後藤 花子,46,야구관광,벳푸,['에어서울']
197,박승현,45,맥주투어,가고시마,['티웨이']
198,中島 結衣,45,온천여행,가고시마,['제주항공']
199,吉田 涼平,40,힐링,가고시마,['진에어']
200,김하윤,12,야구관광,가고시마,['제주항공']
201,Tamara Parsons,24,야구관광,나가사키,['제주항공']
202,장서준,53,맛집탐방,나가사키,['진에어']
203,山崎 零,33,힐링,후쿠오카,['제주항공']
204,이진호,48,온천여행,나가사키,['티웨이']
205,Phillip Joyce,36,맥주투어,벳푸,['대한항공']
206,김정남,20,야구관광,벳푸,['아시아나']
207,Allison Harris,63,맥주투어,가고시마,['티웨이']
208,Jennifer Ward,23,야구관광,오이타,['진에어']
209,Kyle Walker,64,야구관광,나가사키,['티웨이']
210,이준혁,53,맥주투어,나가사키,['진에어']
211,Juan Poole,68,온천여행,가고시마,['아시아나']
212,David Fitzgerald,57,힐링,가고시마,['에어서울']
213,한은지,29,야구관광,후쿠오카,['제주항공']
214,Jimmy Johnson,41,힐링,오이타,['에어서울']
215,Cheryl Allen,34,맥주투어,벳푸,['제주항공']
216,加藤 里佳,36,온천여행,후쿠오카,['티웨이']
217,田中 知実,52,야구관광,나가사키,['아시아나']
218,Caitlin Gibson,41,맥주투어,벳푸,['대한항공']
219,石川 結衣,14,야구관광,벳푸,['제주항공']
220,이서현,59,맛집탐방,나가사키,['진에어']
221,Nicholas Meadows,26,맥주투어,오이타,['아시아나']
222,김준호,53,맥주투어,벳푸,['대한항공']
223,藤井 直人,67,야구관광,오이타,['아시아나']
224,太田 拓真,65,맛집탐방,나가사키,['진에어']
225,Leonard Mason,55,힐링,가고시마,['대한항공']
226,조미경,69,온천여행,후쿠오카,['진에어']
227,鈴木 治,15,야구관광,후쿠오카,['아시아나']
228,Terry Henry,43,맛집탐방,벳푸,['제주항공']
229,안지은,44,야구관광,오이타,['제주항공']
230,Courtney Brown,11,야구관광,나가사키,['티웨이']
231,Robert Thomas,48,맛집탐방,후쿠오카,['대한항공']
232,木村 和也,57,온천여행,후쿠오카,['에어서울']
233,高橋 修平,24,맥주투어,나가사키,['티웨이']
234,Tanner Kelley,54,맛집탐방,벳푸,['진에어']
235,김정남,19,야구관광,나가사키,['티웨이']
236,Nicholas Morris,31,맥주투어,벳푸,['티웨이']
237,Alicia Moore,12,맥주투어,오이타,['진에어']
238,加藤 あすか,13,온천여행,벳푸,['아시아나']
239,이영일,14,맛집탐방,벳푸,['제주항공']
240,森 桃子,14,온천여행,오이타,['진에어']
241,Dana Martinez,59,맛집탐방,오이타,['제주항공']
242,Mary Garza,68,힐링,벳푸,['티웨이']
243,Mark Werner,32,맛집탐방,오이타,['아시아나']
244,이민석,66,힐링,벳푸,['아시아나']
245,Kimberly Reed,61,맥주투어,가고시마,['대한항공']
246,前田 智也,70,힐링,오이타,['대한항공']
247,Steven Avila,11,야구관광,벳푸,['에어서울']
248,中島 春香,57,야구관광,벳푸,['대한항공']
249,Angela Garza,41,맥주투어,가고시마,['티웨이']
250,심현준,38,힐링,벳푸,['진에어']
251,김현숙,45,야구관광,오이타,['티웨이']
252,강지연,51,온천여행,후쿠오카,['진에어']
253,Thomas Smith,51,온천여행,나가사키,['에어서울']
254,최재현,71,맛집탐방,가고시마,['아시아나']
255,山口 桃子,62,야구관광,오이타,['티웨이']
256,鈴木 直人,47,야구관광,벳푸,['진에어']
257,鈴木 稔,30,맛집탐방,나가사키,['제주항공']
258,Erica Hernandez,63,야구관광,나가사키,['티웨이']
259,Robin White,33,야구관광,오이타,['제주항공']
260,鈴木 治,65,맛집탐방,가고시마,['에어서울']
261,井上 明美,65,온천여행,벳푸,['진에어']
262,김순자,67,힐링,가고시마,['아시아나']
263,윤아름,52,맛집탐방,벳푸,['진에어']
264,이수진,22,맛집탐방,나가사키,['티웨이']
265,이영길,54,맛집탐방,오이타,['아시아나']
266,山田 美加子,47,맥주투어,벳푸,['제주항공']
267,안혜진,49,힐링,가고시마,['진에어']
268,Brandy Howard,36,맥주투어,오이타,['티웨이']
269,최동현,52,맥주투어,오이타,['대한항공']
270,佐藤 結衣,14,온천여행,나가사키,['진에어']
271,田中 洋介,46,맛집탐방,벳푸,['아시아나']
272,한영일,35,맛집탐방,벳푸,['제주항공']
273,吉田 直子,57,맛집탐방,가고시마,['대한항공']
274,Jason Dixon,39,온천여행,오이타,['아시아나']
275,Tony Lewis,31,맛집탐방,오이타,['진에어']
276,윤영미,56,온천여행,후쿠오카,['제주항공']
277,김지아,38,야구관광,나가사키,['에어서울']
278,鈴木 直樹,41,온천여행,후쿠오카,['진에어']
279,石川 加奈,65,야구관광,나가사키,['에어서울']
280,최옥순,14,온천여행,후쿠오카,['제주항공']
281,안예준,34,야구관광,오이타,['에어서울']
282,Kelly Wright,31,맥주투어,가고시마,['에어서울']
283,石川 七夏,39,힐링,가고시마,['에어서울']
284,Rita Baldwin,55,힐링,오이타,['아시아나']
285,中村 美加子,17,힐링,후쿠오카,['티웨이']
286,엄종수,56,맥주투어,가고시마,['티웨이']
287,鈴木 美加子,69,힐링,오이타,['에어서울']
288,松本 幹,58,야구관광,가고시마,['티웨이']
289,鈴木 京助,60,야구관광,벳푸,['대한항공']
290,Sara Johnson,15,맛집탐방,나가사키,['대한항공']
291,홍유진,67,야구관광,가고시마,['티웨이']
292,中村 英樹,40,맛집탐방,후쿠오카,['티웨이']
293,木村 くみ子,67,맥주투어,나가사키,['에어서울']
294,조수빈,14,온천여행,나가사키,['티웨이']
295,권현지,18,맥주투어,벳푸,['대한항공']
296,박영수,70,힐링,후쿠오카,['제주항공']
297,Meagan Mcdowell,30,맛집탐방,나가사키,['제주항공']
298,Christine Medina,54,힐링,벳푸,['진에어']
299,Sara Moon,19,맥주투어,후쿠오카,['제주항공']
300,Nathaniel Dickson,67,힐링,후쿠오카,['대한항공']
301,木村 淳,16,힐링,후쿠오카,['진에어']
302,Michelle Reed,62,맛집탐방,가고시마,['에어서울']
303,이영일,46,맥주투어,오이타,['에어서울']
304,John Holder,16,야구관광,나가사키,['에어서울']
305,Laura Kelly,36,힐링,오이타,['진에어']
306,Sharon Foley,41,힐링,가고시마,['진에어']
307,田中 京助,50,맥주투어,오이타,['에어서울']
308,이서현,13,온천여행,나가사키,['에어서울']
309,加藤 春香,36,야구관광,가고시마,['티웨이']
310,山下 美加子,58,맥주투어,오이타,['에어서울']
311,岡田 千代,55,힐링,나가사키,['티웨이']
312,Don Pearson,67,야구관광,나가사키,['대한항공']
313,Miss Brittany Martin,41,맥주투어,오이타,['진에어']
314,안정남,53,야구관광,나가사키,['진에어']
315,佐藤 直樹,22,야구관광,나가사키,['진에어']
316,伊藤 明美,49,힐링,가고시마,['제주항공']
317,김민석,29,맥주투어,벳푸,['에어서울']
318,Roy Jarvis,27,맛집탐방,나가사키,['에어서울']
319,William Love,31,힐링,오이타,['티웨이']
320,Renee Campbell,62,맛집탐방,후쿠오카,['진에어']
321,後藤 学,45,야구관광,나가사키,['진에어']
322,Steven Jones,34,맛집탐방,나가사키,['티웨이']
323,이아름,27,힐링,오이타,['진에어']
324,Misty Johnson,25,야구관광,오이타,['대한항공']
325,阿部 太郎,30,힐링,벳푸,['진에어']
326,Jessica Mathews,40,맛집탐방,후쿠오카,['제주항공']
327,小川 桃子,30,야구관광,나가사키,['티웨이']
328,박도윤,25,온천여행,가고시마,['제주항공']
329,Donna Richards,57,맥주투어,오이타,['티웨이']
330,Bonnie Flynn,38,온천여행,나가사키,['티웨이']
331,Francis Hardy,43,온천여행,후쿠오카,['에어서울']
332,Tasha Mills,64,힐링,후쿠오카,['에어서울']
333,Connie Lynch,23,맥주투어,벳푸,['티웨이']
334,황성민,41,맛집탐방,벳푸,['대한항공']
335,김현우,57,온천여행,벳푸,['티웨이']
336,Michael James,67,온천여행,나가사키,['에어서울']
337,前田 篤司,61,온천여행,오이타,['티웨이']
338,橋本 美加子,60,힐링,나가사키,['아시아나']
339,Ashley Buchanan,28,힐링,나가사키,['아시아나']
340,阿部 くみ子,42,온천여행,오이타,['진에어']
341,Kathryn Mcguire,23,야구관광,가고시마,['에어서울']
342,오민지,15,맛집탐방,오이타,['아시아나']
343,김민석,18,맛집탐방,벳푸,['진에어']
344,이보람,39,야구관광,후쿠오카,['아시아나']
345,Megan Crosby,46,힐링,후쿠오카,['티웨이']
346,이민서,15,야구관광,벳푸,['티웨이']
347,문경자,59,맥주투어,나가사키,['제주항공']
348,Tina Bradford,18,맛집탐방,나가사키,['에어서울']
349,中村 浩,42,맥주투어,오이타,['아시아나']
350,Karen Matthews,25,맛집탐방,나가사키,['대한항공']
351,Tanya Cook,47,힐링,나가사키,['에어서울']
352,Michael Johnson,45,맛집탐방,벳푸,['대한항공']
353,Christine Bell,52,힐링,나가사키,['티웨이']
354,田中 くみ子,71,맥주투어,후쿠오카,['티웨이']
355,鈴木 太一,41,온천여행,후쿠오카,['에어서울']
356,Patricia Goodwin,18,힐링,벳푸,['에어서울']
357,민지영,48,온천여행,벳푸,['진에어']
358,김정자,71,온천여행,벳푸,['아시아나']
359,Lisa Perez,56,야구관광,벳푸,['티웨이']
360,장민재,33,야구관광,벳푸,['에어서울']
361,後藤 稔,28,야구관광,후쿠오카,['티웨이']
362,石井 あすか,22,맛집탐방,오이타,['진에어']
363,김정웅,69,온천여행,가고시마,['티웨이']
364,Pamela Hansen,33,맛집탐방,나가사키,['티웨이']
365,Anthony Landry,24,야구관광,후쿠오카,['에어서울']
366,Jennifer Mcguire,40,맥주투어,나가사키,['대한항공']
367,三浦 千代,24,맛집탐방,나가사키,['진에어']
368,김은경,44,힐링,오이타,['에어서울']
369,Jacob Wheeler,58,야구관광,가고시마,['진에어']
370,Marissa Hall,41,맥주투어,나가사키,['대한항공']
371,森 桃子,63,야구관광,후쿠오카,['티웨이']
372,長谷川 直樹,30,온천여행,벳푸,['에어서울']
373,George Smith,52,온천여행,나가사키,['에어서울']
374,박경희,28,맛집탐방,벳푸,['에어서울']
375,Vanessa Martin,60,맥주투어,벳푸,['아시아나']
376,佐藤 直子,63,맥주투어,나가사키,['에어서울']
377,渡辺 治,59,야구관광,오이타,['진에어']
378,佐藤 翔太,39,힐링,오이타,['에어서울']
379,木村 加奈,67,맥주투어,오이타,['아시아나']
380,Tiffany Anderson,43,맛집탐방,벳푸,['티웨이']
381,Alison Robinson,15,온천여행,후쿠오카,['제주항공']
382,김옥순,41,맛집탐방,오이타,['진에어']
383,吉田 洋介,37,힐링,벳푸,['대한항공']
384,Jennifer Brewer,33,야구관광,가고시마,['제주항공']
385,Richard Brewer,62,맥주투어,후쿠오카,['에어서울']
386,곽명숙,45,힐링,오이타,['제주항공']
387,Tiffany Horton,18,온천여행,오이타,['제주항공']
388,斎藤 陽子,35,야구관광,후쿠오카,['대한항공']
389,高橋 翔太,64,야구관광,가고시마,['대한항공']
390,渡辺 陽子,20,힐링,가고시마,['진에어']
391,山田 裕樹,50,온천여행,후쿠오카,['대한항공']
392,이우진,40,맛집탐방,벳푸,['아시아나']
393,岡田 裕美子,23,맥주투어,벳푸,['아시아나']
394,Jennifer Richard,66,온천여행,가고시마,['티웨이']
395,윤정희,29,맥주투어,나가사키,['진에어']
396,김은주,57,야구관광,벳푸,['에어서울']
397,Cody Turner,52,힐링,가고시마,['제주항공']
398,Lawrence Lopez,59,야구관광,가고시마,['진에어']
399,Karen Johnson,33,야구관광,가고시마,['에어서울']
400,田中 翔太,61,맥주투어,오이타,['진에어']
401,伊藤 篤司,53,야구관광,오이타,['아시아나']
402,山口 浩,33,맛집탐방,후쿠오카,['진에어']
403,이아름,58,맛집탐방,오이타,['아시아나']
404,김미경,37,온천여행,오이타,['대한항공']
405,김지후,12,맛집탐방,후쿠오카,['티웨이']
406,Morgan Perry,22,힐링,벳푸,['티웨이']
407,Joseph Simpson,46,맛집탐방,오이타,['티웨이']
408,황현준,14,온천여행,오이타,['진에어']
409,Gregory Mccoy Jr.,48,맥주투어,나가사키,['티웨이']
410,山下 花子,22,맛집탐방,나가사키,['제주항공']
411,백정남,12,맥주투어,가고시마,['대한항공']
412,Stacy Bishop,16,맥주투어,후쿠오카,['티웨이']
413,Todd Campbell,29,힐링,벳푸,['제주항공']
414,Christine Peterson,19,맥주투어,벳푸,['에어서울']
415,Mark Kline,30,맥주투어,나가사키,['티웨이']
416,이병철,64,맛집탐방,나가사키,['아시아나']
417,이상철,41,힐링,나가사키,['대한항공']
418,山下 太郎,61,맛집탐방,가고시마,['에어서울']
419,오유진,41,야구관광,오이타,['제주항공']
420,Amanda Harrison,60,온천여행,오이타,['제주항공']
421,Anna Moore,27,맛집탐방,후쿠오카,['티웨이']
422,최영철,39,힐링,나가사키,['제주항공']
423,Shelby Foster,13,맥주투어,오이타,['진에어']
424,Katherine Ramirez,35,온천여행,가고시마,['티웨이']
425,Andrew Robinson,70,맛집탐방,나가사키,['에어서울']
426,山崎 太一,61,맛집탐방,가고시마,['에어서울']
427,Shelly Carpenter,19,힐링,오이타,['티웨이']
428,홍준혁,64,맛집탐방,후쿠오카,['진에어']
429,Seth Bryant,31,맥주투어,오이타,['진에어']
430,이예진,51,맛집탐방,오이타,['티웨이']
431,Breanna Contreras,21,힐링,벳푸,['에어서울']
432,佐藤 香織,27,맥주투어,가고시마,['진에어']
433,中島 健一,62,맥주투어,오이타,['에어서울']
434,Deborah Donaldson,23,야구관광,가고시마,['아시아나']
435,허동현,46,온천여행,가고시마,['진에어']
436,이건우,65,맛집탐방,오이타,['대한항공']
437,橋本 さゆり,12,야구관광,오이타,['에어서울']
438,곽유진,57,온천여행,나가사키,['제주항공']
439,Molly Phillips,24,야구관광,벳푸,['진에어']
440,Andrew Collins,27,야구관광,나가사키,['에어서울']
441,이예은,16,야구관광,오이타,['티웨이']
442,近藤 智也,56,힐링,가고시마,['에어서울']
443,김은정,44,힐링,가고시마,['진에어']
444,양민수,40,야구관광,벳푸,['티웨이']
445,小林 英樹,59,온천여행,오이타,['제주항공']
446,Edward Carter,31,온천여행,후쿠오카,['에어서울']
447,Theresa Villa,28,야구관광,후쿠오카,['에어서울']
448,Tara Mcpherson,39,맛집탐방,오이타,['티웨이']
449,石川 修平,29,온천여행,오이타,['티웨이']
450,Charles Johnson,19,야구관광,오이타,['진에어']
451,中村 明美,13,온천여행,가고시마,['티웨이']
452,Christopher Drake,18,온천여행,벳푸,['진에어']
453,Nicole Gill,64,맥주투어,오이타,['아시아나']
454,田中 花子,55,힐링,가고시마,['진에어']
455,이동현,29,맛집탐방,후쿠오카,['제주항공']
456,박도윤,11,힐링,오이타,['대한항공']
457,小林 陽子,71,온천여행,후쿠오카,['아시아나']
458,류영미,35,맥주투어,후쿠오카,['제주항공']
459,Marcia Wolfe,26,야구관광,오이타,['티웨이']
460,福田 零,62,온천여행,나가사키,['제주항공']
461,Anthony Christensen,13,맛집탐방,후쿠오카,['진에어']
462,김지우,11,맛집탐방,오이타,['에어서울']
463,小林 裕美子,27,온천여행,오이타,['에어서울']
464,伊藤 康弘,42,맛집탐방,가고시마,['진에어']
465,이상철,70,맛집탐방,벳푸,['진에어']
466,박혜진,13,온천여행,가고시마,['제주항공']
467,福田 翼,53,야구관광,후쿠오카,['진에어']
468,遠藤 翼,34,온천여행,후쿠오카,['에어서울']
469,小林 充,17,온천여행,후쿠오카,['진에어']
470,Thomas Hill,12,힐링,벳푸,['제주항공']
471,田中 くみ子,71,맥주투어,나가사키,['진에어']
472,近藤 陽子,37,맛집탐방,나가사키,['에어서울']
473,김성민,36,온천여행,후쿠오카,['진에어']
474,이준혁,57,야구관광,벳푸,['아시아나']
475,Michelle Orozco,23,맛집탐방,가고시마,['제주항공']
476,中村 舞,24,온천여행,나가사키,['티웨이']
477,Rodney Lambert,60,맥주투어,가고시마,['티웨이']
478,Joshua Bell,30,야구관광,가고시마,['제주항공']
479,Noah Williams,37,힐링,오이타,['제주항공']
480,Brian Matthews,20,온천여행,나가사키,['제주항공']
481,渡辺 くみ子,42,힐링,나가사키,['진에어']
482,David Rodriguez,35,맛집탐방,오이타,['진에어']
483,Dr. Amanda Hancock MD,23,야구관광,벳푸,['티웨이']
484,高橋 淳,63,야구관광,가고시마,['아시아나']
485,이영식,71,온천여행,나가사키,['에어서울']
486,斎藤 七夏,29,맥주투어,후쿠오카,['아시아나']
487,진지혜,16,온천여행,후쿠오카,['진에어']
488,渡辺 千代,34,맛집탐방,오이타,['티웨이']
489,山口 さゆり,64,맥주투어,나가사키,['진에어']
490,강정숙,65,온천여행,가고시마,['제주항공']
491,박도현,13,야구관광,벳푸,['대한항공']
492,박광수,20,힐링,벳푸,['에어서울']
493,이현주,11,힐링,벳푸,['티웨이']
494,임상철,37,맥주투어,벳푸,['에어서울']
495,Gabriela Mckinney,45,맥주투어,나가사키,['티웨이']
496,高橋 美加子,38,맛집탐방,오이타,['제주항공']
497,吉田 加奈,48,힐링,오이타,['티웨이']
498,Kimberly Washington,67,맥주투어,가고시마,['진에어']
499,Rebekah Wood,39,맥주투어,후쿠오카,['진에어']
500,Cristian Taylor,28,힐링,후쿠오카,['에어서울']
501,한승민,63,야구관광,오이타,['제주항공']
502,渡辺 裕美子,71,야구관광,벳푸,['제주항공']
503,김상현,37,힐링,가고시마,['아시아나']
504,高橋 くみ子,34,온천여행,후쿠오카,['에어서울']
505,高橋 京助,42,맛집탐방,후쿠오카,['제주항공']
506,渡辺 七夏,13,맥주투어,가고시마,['티웨이']
507,Rachael Diaz,55,온천여행,오이타,['진에어']
508,中島 里佳,14,맛집탐방,벳푸,['제주항공']
509,윤정숙,68,야구관광,나가사키,['대한항공']
510,高橋 康弘,36,야구관광,나가사키,['티웨이']
511,Brittany Young,45,온천여행,가고시마,['대한항공']
512,鈴木 直子,54,맥주투어,후쿠오카,['진에어']
513,김예준,52,맛집탐방,후쿠오카,['티웨이']
514,김영자,51,힐링,나가사키,['에어서울']
515,吉田 陽子,66,힐링,가고시마,['티웨이']
516,김민준,61,맛집탐방,벳푸,['아시아나']
517,鈴木 健一,30,맥주투어,오이타,['제주항공']
518,加藤 浩,24,힐링,후쿠오카,['티웨이']
519,吉田 裕美子,37,야구관광,오이타,['티웨이']
520,加藤 浩,21,맥주투어,나가사키,['아시아나']
521,안현정,31,야구관광,나가사키,['제주항공']
522,Michael Nguyen,32,맛집탐방,가고시마,['에어서울']
523,田中 直子,10,힐링,후쿠오카,['진에어']
524,허성민,71,야구관광,오이타,['티웨이']
525,Gabrielle Espinoza,53,온천여행,벳푸,['티웨이']
526,이재현,50,맥주투어,나가사키,['티웨이']
527,太田 篤司,45,맛집탐방,나가사키,['진에어']
528,이민석,46,맥주투어,가고시마,['진에어']
529,石川 稔,35,힐링,오이타,['에어서울']
530,김예준,50,맛집탐방,벳푸,['제주항공']
531,노민석,16,맥주투어,나가사키,['에어서울']
532,이아름,39,맛집탐방,후쿠오카,['대한항공']
533,Erin Gilmore,52,야구관광,벳푸,['에어서울']
534,Ryan Franklin,25,온천여행,후쿠오카,['아시아나']
535,山田 花子,30,야구관광,가고시마,['제주항공']
536,김성현,66,힐링,후쿠오카,['아시아나']
537,中島 篤司,32,맥주투어,오이타,['대한항공']
538,김예진,38,맛집탐방,나가사키,['제주항공']
539,Cheryl Vaughan,61,힐링,가고시마,['에어서울']
540,斎藤 直樹,16,온천여행,나가사키,['대한항공']
541,Jennifer Mata,71,힐링,오이타,['제주항공']
542,池田 翔太,49,야구관광,후쿠오카,['아시아나']
543,이서현,58,야구관광,벳푸,['진에어']
544,Margaret Collins,14,힐링,후쿠오카,['에어서울']
545,佐藤 さゆり,14,야구관광,나가사키,['에어서울']
546,권정희,11,힐링,후쿠오카,['진에어']
547,김옥자,35,맥주투어,오이타,['티웨이']
548,Eugene Allen,20,온천여행,나가사키,['제주항공']
549,渡辺 涼平,32,야구관광,오이타,['진에어']
550,Steven King,63,온천여행,나가사키,['진에어']
551,三浦 治,44,힐링,후쿠오카,['진에어']
552,Crystal Reyes,47,야구관광,가고시마,['아시아나']
553,Erik Kent,14,맛집탐방,나가사키,['제주항공']
554,佐藤 康弘,56,야구관광,가고시마,['에어서울']
555,木村 裕樹,37,온천여행,후쿠오카,['진에어']
556,Rachel Cardenas PhD,61,온천여행,나가사키,['대한항공']
557,田中 あすか,24,온천여행,오이타,['아시아나']
558,加藤 美加子,70,야구관광,나가사키,['대한항공']
559,이동현,53,맛집탐방,벳푸,['대한항공']
560,Betty Fletcher,61,온천여행,벳푸,['대한항공']
561,장지연,68,맛집탐방,벳푸,['티웨이']
562,신예지,41,맛집탐방,오이타,['진에어']
563,Keith Solis,26,맥주투어,후쿠오카,['대한항공']
564,木村 千代,19,맥주투어,후쿠오카,['진에어']
565,前田 香織,19,맛집탐방,오이타,['대한항공']
566,김지원,27,야구관광,오이타,['진에어']
567,박지연,68,온천여행,후쿠오카,['대한항공']
568,田中 健一,37,맥주투어,나가사키,['에어서울']
569,Melissa Burch,53,온천여행,후쿠오카,['티웨이']
570,Angela Byrd,54,온천여행,오이타,['제주항공']
571,나정희,47,맥주투어,오이타,['티웨이']
572,김민석,70,힐링,나가사키,['진에어']
573,佐藤 くみ子,69,맥주투어,후쿠오카,['아시아나']
574,伊藤 舞,17,맛집탐방,나가사키,['제주항공']
575,Danielle Sanchez,48,힐링,나가사키,['대한항공']
576,김민석,65,온천여행,벳푸,['아시아나']
577,Tara Davis,27,맥주투어,벳푸,['아시아나']
578,이옥자,44,맥주투어,나가사키,['아시아나']
579,이경희,33,야구관광,후쿠오카,['대한항공']
580,오은정,12,맥주투어,나가사키,['진에어']
581,石井 あすか,53,맛집탐방,오이타,['티웨이']
582,Richard Moore,31,야구관광,가고시마,['대한항공']
583,中川 加奈,32,맛집탐방,후쿠오카,['아시아나']
584,Peter Dennis,48,맛집탐방,나가사키,['에어서울']
585,김수진,67,야구관광,벳푸,['진에어']
586,장명숙,49,맥주투어,나가사키,['티웨이']
587,장경자,57,온천여행,오이타,['에어서울']
588,村上 聡太郎,48,온천여행,벳푸,['제주항공']
589,Tim York,57,맥주투어,벳푸,['대한항공']
590,Christopher Wood,10,맥주투어,나가사키,['대한항공']
591,Spencer Mason,15,맥주투어,벳푸,['진에어']
592,Lisa Clark,20,힐링,가고시마,['대한항공']
593,遠藤 充,59,맛집탐방,벳푸,['에어서울']
594,지서연,26,맥주투어,나가사키,['티웨이']
595,Cheyenne Williams,64,맥주투어,가고시마,['티웨이']
596,Adam Vazquez,16,야구관광,나가사키,['진에어']
597,Alicia Delacruz,12,온천여행,벳푸,['대한항공']
598,이민석,25,야구관광,오이타,['대한항공']
599,손춘자,65,맛집탐방,벳푸,['에어서울']
600,近藤 淳,44,맥주투어,벳푸,['아시아나']
601,Jeffrey Franklin,71,맛집탐방,나가사키,['아시아나']
602,西村 学,46,힐링,오이타,['에어서울']
603,岡田 陽子,37,맥주투어,가고시마,['진에어']
604,Erica Dougherty,31,맥주투어,오이타,['티웨이']
605,橋本 裕美子,16,온천여행,가고시마,['진에어']
606,遠藤 千代,68,맥주투어,후쿠오카,['제주항공']
607,長谷川 加奈,15,야구관광,나가사키,['에어서울']
608,西村 英樹,71,야구관광,후쿠오카,['티웨이']
609,Derrick Brown,10,야구관광,나가사키,['대한항공']
610,Natalie Romero,38,맛집탐방,가고시마,['진에어']
611,佐藤 千代,15,힐링,후쿠오카,['제주항공']
612,Nicole Whitney,11,야구관광,벳푸,['진에어']
613,Steven Cummings,56,온천여행,나가사키,['제주항공']
614,Tara Payne,16,온천여행,나가사키,['제주항공']
615,Heather Scott,19,야구관광,후쿠오카,['대한항공']
616,문예은,66,야구관광,후쿠오카,['대한항공']
617,鈴木 裕美子,48,맛집탐방,가고시마,['아시아나']
618,오명숙,36,맥주투어,후쿠오카,['대한항공']
619,최지후,63,온천여행,오이타,['진에어']
620,Brandon Torres III,48,맥주투어,벳푸,['아시아나']
621,加藤 陽子,42,맥주투어,벳푸,['제주항공']
622,강재현,33,맥주투어,후쿠오카,['진에어']
623,Paul Mccann,26,야구관광,후쿠오카,['진에어']
624,강은서,23,힐링,나가사키,['제주항공']
625,Evan Butler,34,맥주투어,가고시마,['제주항공']
626,Francisco Davis,47,맛집탐방,후쿠오카,['에어서울']
627,양예원,53,야구관광,오이타,['아시아나']
628,佐々木 晃,20,맛집탐방,후쿠오카,['진에어']
629,안경숙,32,맥주투어,후쿠오카,['티웨이']
630,김진우,18,맥주투어,후쿠오카,['제주항공']
631,Amanda Gates,69,야구관광,후쿠오카,['제주항공']
632,後藤 舞,43,온천여행,오이타,['에어서울']
633,이민준,17,온천여행,벳푸,['제주항공']
634,Sean Miller,70,온천여행,나가사키,['에어서울']
635,김서준,57,힐링,오이타,['티웨이']
636,Amanda Sanchez,58,힐링,가고시마,['티웨이']
637,Natasha Kelly,16,맥주투어,가고시마,['제주항공']
638,Amanda Ortiz,39,맥주투어,나가사키,['에어서울']
639,이병철,13,맛집탐방,가고시마,['진에어']
640,鈴木 美加子,29,온천여행,오이타,['티웨이']
641,Courtney West,27,맥주투어,벳푸,['티웨이']
642,Brandon Leonard,50,온천여행,가고시마,['에어서울']
643,Mathew Bennett,36,힐링,가고시마,['아시아나']
644,高橋 太一,30,힐링,벳푸,['제주항공']
645,鈴木 聡太郎,36,맛집탐방,벳푸,['진에어']
646,송미숙,50,야구관광,나가사키,['에어서울']
647,田中 健一,70,힐링,오이타,['제주항공']
648,박경자,45,야구관광,오이타,['에어서울']
649,中島 涼平,29,야구관광,오이타,['제주항공']
650,주은서,51,힐링,오이타,['티웨이']
651,鈴木 加奈,27,맥주투어,오이타,['제주항공']
652,Jessica Berg,40,야구관광,나가사키,['제주항공']
653,이정숙,48,맛집탐방,후쿠오카,['에어서울']
654,박정남,45,온천여행,후쿠오카,['에어서울']
655,김영수,35,맥주투어,가고시마,['대한항공']
656,木村 翼,43,맥주투어,나가사키,['제주항공']
657,윤영미,52,맥주투어,벳푸,['대한항공']
658,김미경,70,맥주투어,오이타,['에어서울']
659,Joseph Grant,52,온천여행,벳푸,['제주항공']
660,박준영,29,야구관광,후쿠오카,['아시아나']
661,長谷川 舞,59,온천여행,나가사키,['티웨이']
662,阿部 美加子,29,야구관광,가고시마,['에어서울']
663,佐藤 春香,26,맛집탐방,벳푸,['에어서울']
664,박승민,29,야구관광,오이타,['아시아나']
665,近藤 知実,36,맥주투어,벳푸,['에어서울']
666,John Adams PhD,43,야구관광,오이타,['에어서울']
667,小川 京助,28,맥주투어,가고시마,['티웨이']
668,Wendy Walker,39,야구관광,가고시마,['티웨이']
669,David Ferguson,65,야구관광,후쿠오카,['진에어']
670,Latoya Foster,65,야구관광,나가사키,['진에어']
671,中村 修平,69,맥주투어,나가사키,['제주항공']
672,윤예진,67,힐링,벳푸,['진에어']
673,高橋 明美,24,맥주투어,나가사키,['에어서울']
674,伊藤 明美,25,야구관광,벳푸,['진에어']
675,佐藤 直子,60,힐링,나가사키,['에어서울']
676,장명숙,45,맛집탐방,가고시마,['제주항공']
677,양은주,48,맥주투어,가고시마,['에어서울']
678,James Butler,13,힐링,가고시마,['에어서울']
679,Jeremy Martinez,52,야구관광,나가사키,['에어서울']
680,山口 くみ子,35,맥주투어,가고시마,['대한항공']
681,松田 明美,32,온천여행,벳푸,['진에어']
682,최정남,43,맥주투어,오이타,['대한항공']
683,Natalie Evans,23,야구관광,나가사키,['진에어']
684,田中 直子,46,야구관광,벳푸,['제주항공']
685,Rebecca Price,67,맛집탐방,가고시마,['제주항공']
686,鈴木 あすか,70,온천여행,나가사키,['에어서울']
687,加藤 太郎,59,맛집탐방,오이타,['티웨이']
688,Matthew Smith,17,힐링,벳푸,['대한항공']
689,石川 結衣,16,맛집탐방,벳푸,['제주항공']
690,坂本 洋介,22,힐링,오이타,['티웨이']
691,김종수,43,맛집탐방,가고시마,['대한항공']
692,吉田 和也,20,온천여행,나가사키,['진에어']
693,Judy Martin,49,맛집탐방,나가사키,['티웨이']
694,Renee Daniel,33,힐링,벳푸,['진에어']
695,Ms. Maria Carter MD,13,맛집탐방,오이타,['진에어']
696,吉田 裕美子,69,온천여행,가고시마,['제주항공']
697,이정식,42,맛집탐방,후쿠오카,['티웨이']
698,Hayden Kim,23,힐링,후쿠오카,['제주항공']
699,西村 治,10,맛집탐방,오이타,['티웨이']
700,박예은,36,힐링,가고시마,['에어서울']
701,Alexandra Jones,67,맛집탐방,오이타,['진에어']
702,Justin Campos,18,야구관광,벳푸,['제주항공']
703,윤민석,59,야구관광,오이타,['에어서울']
704,中村 翼,37,힐링,벳푸,['티웨이']
705,Linda Smith,46,맛집탐방,벳푸,['에어서울']
706,鈴木 結衣,23,온천여행,후쿠오카,['에어서울']
707,William Good,23,힐링,벳푸,['에어서울']
708,이지후,70,맥주투어,후쿠오카,['티웨이']
709,斉藤 香織,18,맛집탐방,후쿠오카,['제주항공']
710,Timothy Cortez,53,온천여행,오이타,['제주항공']
711,성민재,54,온천여행,나가사키,['티웨이']
712,David Smith,32,힐링,나가사키,['제주항공']
713,오윤서,41,온천여행,후쿠오카,['아시아나']
714,Lisa Perez,20,온천여행,벳푸,['에어서울']
715,Scott Oconnell,21,야구관광,나가사키,['진에어']
716,이예진,56,야구관광,오이타,['티웨이']
717,김서윤,69,온천여행,후쿠오카,['대한항공']
718,吉田 和也,59,야구관광,오이타,['에어서울']
719,池田 さゆり,54,맥주투어,오이타,['아시아나']
720,Alvin Smith,65,온천여행,나가사키,['아시아나']
721,中村 洋介,25,맛집탐방,오이타,['진에어']
722,橋本 七夏,37,맥주투어,나가사키,['진에어']
723,石井 里佳,28,힐링,벳푸,['티웨이']
724,Rachel Jones,34,야구관광,벳푸,['제주항공']
725,小林 さゆり,17,야구관광,벳푸,['진에어']
726,이영길,52,힐링,오이타,['진에어']
727,김현지,58,온천여행,벳푸,['제주항공']
728,Ashley Taylor,43,맥주투어,후쿠오카,['제주항공']
729,中村 治,54,맛집탐방,후쿠오카,['아시아나']
730,Walter Miller,40,야구관광,가고시마,['티웨이']
731,Jose Green,12,온천여행,벳푸,['에어서울']
732,前田 零,20,힐링,후쿠오카,['제주항공']
733,이혜진,24,야구관광,벳푸,['제주항공']
734,Jay Kline,33,맛집탐방,벳푸,['진에어']
735,Melissa Bryan,25,맛집탐방,벳푸,['진에어']
736,松本 春香,67,온천여행,오이타,['제주항공']
737,田中 真綾,14,힐링,가고시마,['대한항공']
738,William Le,55,온천여행,벳푸,['제주항공']
739,Jill Sutton,47,맛집탐방,가고시마,['에어서울']
740,Steven Simmons,39,맛집탐방,벳푸,['제주항공']
741,이성호,24,힐링,후쿠오카,['제주항공']
742,山崎 涼平,44,맥주투어,나가사키,['티웨이']
743,佐々木 真綾,44,맛집탐방,가고시마,['아시아나']
744,中村 春香,70,온천여행,벳푸,['제주항공']
745,Shirley Garcia,29,맛집탐방,가고시마,['제주항공']
746,박영미,66,야구관광,나가사키,['에어서울']
747,이준호,19,야구관광,후쿠오카,['아시아나']
748,Mary Chan,55,야구관광,나가사키,['티웨이']
749,Jennifer White,41,힐링,오이타,['제주항공']
750,Wanda Martin PhD,50,온천여행,벳푸,['티웨이']
751,佐藤 太一,18,맥주투어,벳푸,['티웨이']
752,斎藤 桃子,43,야구관광,나가사키,['아시아나']
753,Dr. Kayla Byrd,11,맛집탐방,나가사키,['에어서울']
754,이은경,70,야구관광,벳푸,['진에어']
755,佐藤 結衣,23,맛집탐방,오이타,['에어서울']
756,남시우,39,야구관광,가고시마,['진에어']
757,阿部 充,66,맥주투어,벳푸,['제주항공']
758,伊藤 結衣,50,힐링,오이타,['아시아나']
759,조지은,38,힐링,가고시마,['대한항공']
760,김정남,52,힐링,오이타,['아시아나']
761,高橋 太郎,23,온천여행,나가사키,['진에어']
762,Monica Johnson,36,맥주투어,벳푸,['진에어']
763,Krystal Stone,49,맥주투어,나가사키,['진에어']
764,Jaime Downs,38,맥주투어,나가사키,['대한항공']
765,鈴木 修平,31,맥주투어,가고시마,['진에어']
766,渡辺 結衣,45,맥주투어,오이타,['아시아나']
767,김명자,31,야구관광,벳푸,['제주항공']
768,Rachel Figueroa,34,맥주투어,나가사키,['티웨이']
769,Sandra Dawson,10,맥주투어,벳푸,['아시아나']
770,이영철,48,힐링,나가사키,['에어서울']
771,田中 英樹,18,야구관광,오이타,['에어서울']
772,石井 直子,35,온천여행,가고시마,['제주항공']
773,Gina Reid,66,야구관광,오이타,['진에어']
774,Elizabeth Douglas,38,맛집탐방,후쿠오카,['제주항공']
775,Tiffany Sanders,34,힐링,오이타,['아시아나']
776,石井 直樹,22,맥주투어,가고시마,['제주항공']
777,Pamela Clark,66,맥주투어,후쿠오카,['에어서울']
778,Patricia Fowler,11,온천여행,벳푸,['대한항공']
779,차선영,12,맛집탐방,오이타,['제주항공']
780,Elizabeth Adams,53,맛집탐방,오이타,['제주항공']
781,Michael Berry,29,야구관광,가고시마,['아시아나']
782,Jimmy Morse,40,야구관광,벳푸,['티웨이']
783,이상호,45,힐링,가고시마,['제주항공']
784,이현주,64,야구관광,벳푸,['진에어']
785,渡辺 京助,32,맥주투어,오이타,['아시아나']
786,최영식,70,온천여행,후쿠오카,['티웨이']
787,김광수,58,야구관광,가고시마,['아시아나']
788,Michelle Ryan,24,온천여행,가고시마,['진에어']
789,윤예원,32,온천여행,벳푸,['제주항공']
790,박미경,14,맛집탐방,후쿠오카,['진에어']
791,한준호,59,맥주투어,가고시마,['제주항공']
792,佐々木 充,40,힐링,벳푸,['티웨이']
793,井上 春香,60,온천여행,벳푸,['진에어']
794,佐藤 花子,29,맛집탐방,나가사키,['제주항공']
795,서승민,20,맥주투어,나가사키,['에어서울']
796,Garrett Mills,59,맛집탐방,후쿠오카,['에어서울']
797,조현우,56,힐링,벳푸,['에어서울']
798,이예원,62,맥주투어,후쿠오카,['티웨이']
799,Patrick Logan,57,온천여행,오이타,['진에어']
800,Steven Crawford,66,맛집탐방,벳푸,['진에어']
801,배영희,32,맥주투어,가고시마,['티웨이']
802,Justin Rose,65,맥주투어,후쿠오카,['티웨이']
803,佐藤 裕美子,70,온천여행,나가사키,['대한항공']
804,森 智也,56,맥주투어,벳푸,['티웨이']
805,김미숙,61,온천여행,가고시마,['제주항공']
806,佐藤 和也,66,맛집탐방,가고시마,['아시아나']
807,Loretta Owens,30,맛집탐방,나가사키,['티웨이']
808,박채원,10,맥주투어,후쿠오카,['티웨이']
809,岡本 太郎,36,맛집탐방,벳푸,['티웨이']
810,안준서,25,온천여행,벳푸,['대한항공']
811,장시우,23,맛집탐방,후쿠오카,['에어서울']
812,김영철,10,맥주투어,후쿠오카,['진에어']
813,이성훈,29,맥주투어,후쿠오카,['에어서울']
814,阿部 直子,23,힐링,나가사키,['진에어']
815,Rhonda Beck,42,야구관광,벳푸,['티웨이']
816,김성민,25,힐링,오이타,['제주항공']
817,진정웅,66,힐링,벳푸,['제주항공']
818,藤田 浩,66,야구관광,벳푸,['에어서울']
819,서지아,66,온천여행,벳푸,['진에어']
820,鈴木 洋介,13,야구관광,가고시마,['제주항공']
821,Joseph Lewis,37,맥주투어,벳푸,['에어서울']
822,Tracy Ware,57,맛집탐방,가고시마,['티웨이']
823,Ivan Ramirez,51,맥주투어,나가사키,['제주항공']
824,김정순,48,힐링,벳푸,['에어서울']
825,배춘자,17,맛집탐방,나가사키,['진에어']
826,山下 花子,30,힐링,가고시마,['진에어']
827,Jordan Cannon,59,맛집탐방,오이타,['진에어']
828,박경숙,65,야구관광,나가사키,['진에어']
829,渡辺 七夏,59,힐링,오이타,['대한항공']
830,後藤 くみ子,33,야구관광,가고시마,['에어서울']
831,Pamela Reed MD,63,맥주투어,후쿠오카,['티웨이']
832,三浦 稔,60,온천여행,후쿠오카,['제주항공']
833,김순옥,67,맛집탐방,나가사키,['아시아나']
834,Aaron Collins,70,온천여행,벳푸,['대한항공']
835,後藤 花子,46,야구관광,오이타,['티웨이']
836,山崎 舞,52,맥주투어,가고시마,['제주항공']
837,鈴木 香織,37,야구관광,벳푸,['대한항공']
838,木村 学,48,힐링,후쿠오카,['에어서울']
839,田中 花子,52,야구관광,후쿠오카,['에어서울']
840,山田 直子,39,맛집탐방,후쿠오카,['진에어']
841,최경자,36,힐링,가고시마,['진에어']
842,Heather Castillo,30,온천여행,후쿠오카,['티웨이']
843,佐藤 香織,22,야구관광,벳푸,['진에어']
844,後藤 七夏,69,힐링,가고시마,['제주항공']
845,손지우,22,맛집탐방,나가사키,['티웨이']
846,David Wade,67,온천여행,오이타,['에어서울']
847,田中 直人,70,맥주투어,가고시마,['에어서울']
848,안채원,38,야구관광,오이타,['아시아나']
849,Trevor Webb,59,힐링,후쿠오카,['진에어']
850,박예원,44,맥주투어,벳푸,['티웨이']
851,황성진,13,온천여행,가고시마,['에어서울']
852,Bruce Tran,45,힐링,가고시마,['에어서울']
853,松田 学,64,맥주투어,벳푸,['제주항공']
854,山下 舞,64,맛집탐방,가고시마,['제주항공']
855,Kristin Parker,62,힐링,벳푸,['제주항공']
856,Bobby Bennett,37,온천여행,나가사키,['제주항공']
857,황지혜,40,온천여행,가고시마,['대한항공']
858,西村 知実,60,온천여행,나가사키,['대한항공']
859,Sophia Nguyen,25,힐링,후쿠오카,['진에어']
860,高橋 直樹,13,야구관광,가고시마,['제주항공']
861,이영일,29,야구관광,오이타,['티웨이']
862,渡辺 裕樹,34,힐링,벳푸,['제주항공']
863,Lisa Gonzalez,47,맥주투어,나가사키,['에어서울']
864,George Gross,16,힐링,가고시마,['에어서울']
865,渡辺 幹,17,힐링,오이타,['티웨이']
866,Amanda Cantu,60,온천여행,후쿠오카,['진에어']
867,佐藤 陽子,21,맥주투어,오이타,['제주항공']
868,김준서,20,맛집탐방,벳푸,['티웨이']
869,Emily Gregory,22,힐링,나가사키,['에어서울']
870,田中 稔,27,힐링,오이타,['티웨이']
871,岡本 七夏,65,힐링,가고시마,['아시아나']
872,中村 治,41,야구관광,벳푸,['진에어']
873,池田 加奈,63,온천여행,나가사키,['대한항공']
874,강수빈,61,야구관광,가고시마,['에어서울']
875,송민석,45,맥주투어,벳푸,['티웨이']
876,中村 零,14,힐링,오이타,['에어서울']
877,阿部 香織,46,야구관광,가고시마,['에어서울']
878,Joel Jackson,20,야구관광,가고시마,['제주항공']
879,Rebekah Clark,14,야구관광,가고시마,['티웨이']
880,Trevor Marshall,48,맥주투어,가고시마,['티웨이']
881,長谷川 花子,45,맥주투어,후쿠오카,['에어서울']
882,문주원,53,힐링,벳푸,['에어서울']
883,山下 香織,49,야구관광,가고시마,['제주항공']
884,Teresa Robbins,12,맥주투어,후쿠오카,['아시아나']
885,권도윤,61,맛집탐방,후쿠오카,['에어서울']
886,Kristin Rivas,43,힐링,가고시마,['에어서울']
887,西村 太郎,40,힐링,벳푸,['에어서울']
888,木村 翼,32,힐링,후쿠오카,['진에어']
889,鈴木 直樹,64,힐링,나가사키,['진에어']
890,鈴木 裕美子,27,맛집탐방,나가사키,['티웨이']
891,김지훈,38,힐링,벳푸,['대한항공']
892,小林 知実,28,힐링,가고시마,['에어서울']
893,岡本 陽子,20,맥주투어,가고시마,['진에어']
894,Michael Smith,17,야구관광,나가사키,['제주항공']
895,Aaron Galloway,43,힐링,나가사키,['티웨이']
896,이서연,28,온천여행,오이타,['진에어']
897,森 学,62,온천여행,벳푸,['아시아나']
898,田中 加奈,26,맛집탐방,오이타,['진에어']
899,Roy Wilson,60,맥주투어,오이타,['티웨이']
900,Emily Bailey,66,야구관광,후쿠오카,['에어서울']
901,Cheryl Brown,23,힐링,나가사키,['티웨이']
902,Michael Rodriguez,15,맛집탐방,벳푸,['아시아나']
903,문민재,46,맛집탐방,가고시마,['진에어']
904,Erica Meyers,17,힐링,나가사키,['제주항공']
905,岡田 裕太,35,맥주투어,후쿠오카,['진에어']
906,김성호,38,온천여행,벳푸,['티웨이']
907,김지민,59,맛집탐방,가고시마,['제주항공']
908,이진호,35,맥주투어,나가사키,['에어서울']
909,Warren Wilson,56,힐링,벳푸,['티웨이']
910,김영순,49,온천여행,나가사키,['에어서울']
911,최경수,27,맛집탐방,나가사키,['진에어']
912,森 陽子,59,맥주투어,오이타,['진에어']
913,阿部 里佳,58,힐링,후쿠오카,['티웨이']
914,Sherry Lee,60,맛집탐방,오이타,['에어서울']
915,加藤 洋介,31,맛집탐방,나가사키,['진에어']
916,Laura Walsh,44,힐링,오이타,['에어서울']
917,坂本 健一,70,맥주투어,오이타,['제주항공']
918,Cindy Sharp,44,맛집탐방,오이타,['진에어']
919,김영환,42,맛집탐방,가고시마,['대한항공']
920,Thomas Mathis,26,온천여행,오이타,['티웨이']
921,伊藤 直人,52,야구관광,벳푸,['에어서울']
922,小川 英樹,16,맥주투어,오이타,['진에어']
923,James Fernandez,50,맛집탐방,후쿠오카,['제주항공']
924,Joy Miller,62,맛집탐방,후쿠오카,['진에어']
925,Samantha Santos,33,맥주투어,나가사키,['에어서울']
926,山田 美加子,49,힐링,가고시마,['진에어']
927,장은정,65,맛집탐방,나가사키,['대한항공']
928,백경희,41,맛집탐방,가고시마,['진에어']
929,정건우,31,온천여행,나가사키,['에어서울']
930,高橋 加奈,46,야구관광,오이타,['티웨이']
931,中島 知実,18,온천여행,오이타,['대한항공']
932,Julie Huber,68,온천여행,벳푸,['아시아나']
933,권현정,64,온천여행,가고시마,['티웨이']
934,田中 京助,29,야구관광,가고시마,['제주항공']
935,이상철,16,힐링,후쿠오카,['티웨이']
936,松本 充,33,온천여행,나가사키,['진에어']
937,윤도현,26,힐링,가고시마,['제주항공']
938,Matthew Watson,21,온천여행,오이타,['제주항공']
939,斎藤 篤司,64,야구관광,벳푸,['아시아나']
940,中村 知実,46,힐링,벳푸,['제주항공']
941,Denise Dominguez,37,온천여행,벳푸,['진에어']
942,오정호,71,힐링,오이타,['아시아나']
943,斉藤 香織,10,힐링,가고시마,['에어서울']
944,박민재,69,온천여행,가고시마,['진에어']
945,清水 陽一,13,맛집탐방,가고시마,['제주항공']
946,Joe Williams,32,힐링,후쿠오카,['티웨이']
947,松田 翔太,70,야구관광,벳푸,['티웨이']
948,佐々木 京助,70,온천여행,후쿠오카,['진에어']
949,吉田 篤司,37,야구관광,가고시마,['티웨이']
950,山本 春香,62,온천여행,오이타,['티웨이']
951,高橋 康弘,12,맛집탐방,후쿠오카,['에어서울']
952,Michael Reed,65,맥주투어,벳푸,['진에어']
953,Gerald Bailey,13,맥주투어,오이타,['아시아나']
954,Christopher Campbell,12,맛집탐방,오이타,['진에어']
955,佐々木 舞,18,힐링,벳푸,['제주항공']
956,岡田 治,60,야구관광,나가사키,['티웨이']
957,中村 さゆり,18,온천여행,가고시마,['진에어']
958,伊藤 香織,15,맛집탐방,가고시마,['대한항공']
959,이경자,22,맥주투어,오이타,['에어서울']
960,松本 花子,29,맥주투어,가고시마,['티웨이']
961,佐藤 翼,52,힐링,오이타,['에어서울']
962,박지우,54,맥주투어,오이타,['진에어']
963,山田 英樹,50,온천여행,나가사키,['제주항공']
964,近藤 幹,53,맛집탐방,나가사키,['티웨이']
965,Thomas Holland,46,야구관광,가고시마,['제주항공']
966,김은경,33,맛집탐방,벳푸,['에어서울']
967,이영수,19,맥주투어,가고시마,['티웨이']
968,小林 加奈,31,온천여행,벳푸,['제주항공']
969,김상철,15,맛집탐방,가고시마,['진에어']
970,Erica Stewart,28,맥주투어,나가사키,['제주항공']
971,高橋 充,34,맥주투어,오이타,['진에어']
972,Andrew Watkins,63,맥주투어,벳푸,['제주항공']
973,황경숙,37,야구관광,나가사키,['진에어']
974,Tyler Chavez,56,힐링,오이타,['진에어']
975,田中 七夏,10,힐링,가고시마,['티웨이']
976,김지현,44,힐링,오이타,['진에어']
977,山口 篤司,69,힐링,오이타,['제주항공']
978,Danielle Cardenas,38,맥주투어,가고시마,['대한항공']
979,Emily Scott,36,맥주투어,가고시마,['티웨이']
980,박춘자,49,맛집탐방,벳푸,['에어서울']
981,김정희,43,힐링,가고시마,['에어서울']
982,윤순자,26,온천여행,벳푸,['진에어']
983,Julia George,11,맛집탐방,후쿠오카,['티웨이']
984,최정식,19,온천여행,후쿠오카,['제주항공']
985,Robert Swanson,16,맥주투어,가고시마,['티웨이']
986,Erin Tucker,48,맥주투어,오이타,['에어서울']
987,石井 花子,44,야구관광,가고시마,['진에어']
988,Andrea Choi,70,힐링,가고시마,['진에어']
989,Ryan Marshall,34,야구관광,오이타,['티웨이']
990,山本 和也,56,야구관광,후쿠오카,['아시아나']
991,Jordan Montoya,65,온천여행,벳푸,['대한항공']
992,박정남,24,야구관광,가고시마,['아시아나']
993,Penny Charles,59,맥주투어,나가사키,['에어서울']
994,清水 晃,45,맛집탐방,후쿠오카,['진에어']
995,박정훈,15,맥주투어,가고시마,['대한항공']
996,伊藤 聡太郎,13,온천여행,가고시마,['대한항공']
997,김지연,43,야구관광,벳푸,['진에어']
998,藤井 里佳,17,맥주투어,후쿠오카,['티웨이']
999,이명자,50,야구관광,후쿠오카,['에어서울']
